index,reference,reference_sha256,method,evidence_source,generation_seconds,render_seconds,Struct_MSE,Struct_PSNR,Struct_SSIM,Struct_MS-SSIM,Struct_VIF,Struct_LPIPS,Struct_LPIPS_PROXY,DepthCorr,LateralCorr,OACProfileCorr,SCMeanAbsErr
1,Female/1950-1960/Cheek/l__shcheka_frame250.png,0a485336a0a841b39b0bef6bbf6efbb7de9346992a3357593daffe86d7848fa7,holographic-inverse-v3-phase-pair,source_equivalent_local_scanner,2.0407276669993735,0.7650498340008198,0.00031690175878868707,34.99075350490665,0.9762511737604491,0.9960030366561465,0.7526208942370978,nan,0.00619966609805238,0.9975065794940896,0.9751026688967146,0.999998332972308,0.012419342994689941
2,Female/1950-1960/Cheek/l__shcheka_frame450.png,0a0861b8a55f7e3a30a57c4ef1993ed5abc6dcbdd741006eef8a9bcc7406de4d,holographic-inverse-v3-phase-pair,source_equivalent_local_scanner,1.8670816670000931,0.5760239999999612,0.0003111707664645207,35.07001210395394,0.9704519100264776,0.9949718104352888,0.7510402353733026,nan,0.006671856711892522,0.9974678218638682,0.9858476804014239,0.9999963297976117,0.02004784345626831
3,Female/1950-1960/Cheek/l__shcheka_frame50.png,3822d09c5487c85924c8090bdb77450cdcff089415885f4f44487ceb37e88da3,holographic-inverse-v3-phase-pair,source_equivalent_local_scanner,1.8075480000006792,0.5789002090004942,0.0003525639130307454,34.52762142330706,0.9758323697920592,0.9963295767352554,0.7566609496044874,nan,0.006348092322256051,0.9983577914610542,0.9682695352306412,0.9999972909848578,0.0142173171043396
4,Female/1950-1960/Cheek/l_shchekka1960_frame250.png,d2d8b9578a6d7d678a0e1677294b9b8e7efb113e0514de822b3834c12f250128,holographic-inverse-v3-phase-pair,source_equivalent_local_scanner,1.8805891669999255,0.6395639580005081,0.0006503524692275808,31.868512065075972,0.9625622792716721,0.992755932128524,0.7300931732921857,nan,0.0075983405580707635,0.9943349431908541,0.9647806872410202,0.9999898135746962,0.004261672496795654
5,Female/1950-1960/Cheek/l_shchekka1960_frame450.png,b59aaf9e81c1585534c0685a17c8f41428a37cb88613b23c741b4a58202f8b35,holographic-inverse-v3-phase-pair,source_equivalent_local_scanner,1.8886437919991295,0.5701389589994506,0.0005073680533028163,32.946768818346136,0.9591192658154076,0.9929812990678584,0.7300288247919569,nan,0.007798415913301357,0.994296287855585,0.9780596494506845,0.9999938452035497,0.025394558906555176
6,Female/1950-1960/Cheek/l_shchekka1960_frame50.png,626e5639f790bf9497c57d76095472dad4e67e86c0204f3bf8d8f94e57c8dc11,holographic-inverse-v3-phase-pair,source_equivalent_local_scanner,1.9082501659995614,0.5844342919990595,0.0007175420623978758,31.441526354554867,0.9669605515275673,0.9939179028763063,0.7349439446672824,nan,0.006829632216808842,0.9920180187015266,0.9610265241204107,0.9999834084635036,0.05033743381500244
7,Female/1950-1960/Cheek/lev_shcheka1960_frame250.png,c52f51ddcb0b3b24bd4a08985d515bee381d664da025f99f75bd1492803adb97,holographic-inverse-v3-phase-pair,source_equivalent_local_scanner,1.8568599999998696,0.5700285410002834,0.0008365264740048899,30.775203101321885,0.9643336696848342,0.9947799894861921,0.7334706163391387,nan,0.008396325204886644,0.990712029177752,0.9795735452740081,0.9999824441782478,0.036345720291137695
8,Female/1950-1960/Cheek/lev_shcheka1960_frame450.png,6f5fa2313bca24a58460825fdd86d3936cd142e4c7353eb750b2cdb8b3920337,holographic-inverse-v3-phase-pair,source_equivalent_local_scanner,1.9061398330013617,0.5661004579997098,0.0009813704558493128,30.08167020590635,0.9628389904048383,0.990914265337176,0.7192316547297031,nan,0.008464047488044291,0.9888439546619662,0.961126711858931,0.9999725192406036,0.013675034046173096
9,Female/1950-1960/Cheek/lev_shcheka1960_frame50.png,095069f2b1c1937e50d6af1d096272342b8e73e3dc97990c50adaf1bfe185200,holographic-inverse-v3-phase-pair,source_equivalent_local_scanner,1.9218202079991897,0.5820393750000221,0.0010220109293525928,29.90544459845003,0.9642731657496498,0.9959441115188095,0.7516531941694834,nan,0.00885279000974169,0.987167977055408,0.959005538673348,0.9999300682727561,0.03755021095275879
10,Female/1950-1960/Cheek/levaya_shcheka1_frame250.png,2a0c682b68b579d281398e1336019133055c09949fceb0e3877ed65c95523c9a,holographic-inverse-v3-phase-pair,source_equivalent_local_scanner,1.97229758299909,0.589636500000779,0.0007040035683391003,31.524251395708802,0.9711566429163592,0.9952159064352177,0.7393183034790672,nan,0.007117382217856015,0.9930645771249879,0.9750516192584118,0.999989922805248,0.04218268394470215
11,Female/1950-1960/Cheek/levaya_shcheka1_frame450.png,8f52403491f8d9ea9214e982f94ec6f3e012c310d1bd786515c4139ba5d4127f,holographic-inverse-v3-phase-pair,source_equivalent_local_scanner,2.0548148750003747,0.5855604160005896,0.0010227871857804091,29.902147217678376,0.9637510095647723,0.9898719358797423,0.7226182074120857,nan,0.008074533705617868,0.986732121622894,0.9533287214511136,0.9999545359156905,0.0169716477394104
12,Female/1950-1960/Cheek/levaya_shcheka1_frame50.png,acebe7e0b5f64133e7a00f39843550a3e3136c7c33c486695398664aca8e047f,holographic-inverse-v3-phase-pair,source_equivalent_local_scanner,1.8128751250005735,0.5773068750004313,0.0007946824275819395,30.998063902152367,0.9742062784310548,0.9971307568457364,0.7605998026449722,nan,0.006887423945408244,0.9910912799615542,0.9616749511669428,0.9999571412032199,0.03352200984954834
13,Female/1950-1960/Cheek/levaya_shcheka_frame250.png,6dc17cb90457f82d6bd188d189156b5a6586dddf9d1f9bc0233fb2561c29101d,holographic-inverse-v3-phase-pair,source_equivalent_local_scanner,1.844506832998377,0.5730783340004564,0.0006633362262260909,31.782662842929383,0.9566964437851857,0.9923681355648091,0.7293756421957623,nan,0.008391349175397087,0.9944937062786032,0.9793087591902147,0.9999954956793558,0.024263620376586914
14,Female/1950-1960/Cheek/levaya_shcheka_frame450.png,8e796a82730db72e3357c4017514d5e5fef063980205dcdb911b44eba2124555,holographic-inverse-v3-phase-pair,source_equivalent_local_scanner,1.7287012080014392,0.6209755420004512,0.0007149902484546207,31.456998813754623,0.9585532819674786,0.9914904085492806,0.7315820104771771,nan,0.007599684958364451,0.9928313235510485,0.9360933440215875,0.9999900300363682,0.012249946594238281
15,Female/1950-1960/Cheek/levaya_shcheka_frame50.png,8242d5d8e7a85fd122f915e423b9fccdf3d992d44f885ea75786d586127272c8,holographic-inverse-v3-phase-pair,source_equivalent_local_scanner,1.9655162910003128,0.5871694580000621,0.0016449073166720728,27.838585676178795,0.9361467926169622,0.9893185934857602,0.7070395826479539,nan,0.011391830724828387,0.984342547910637,0.9782384422766685,0.9999814370269645,0.03857088088989258
16,Female/1950-1960/Eye_corner/Lev_ugol_glaza_frame250.png,d2fa459a102d4507ff9bcb5cf694d507951271b863c507938cd605ba03863b02,holographic-inverse-v3-phase-pair,source_equivalent_local_scanner,2.5310209580002265,0.5791220419996534,0.0009398129297100274,30.26958584357661,0.9598534067459865,0.9907423356284437,0.7210039700584232,nan,0.007738365285536823,0.9898416406993896,0.9596452077862718,0.9999820538490033,0.017884254455566406
17,Female/1950-1960/Eye_corner/Lev_ugol_glaza_frame450.png,c96b1e9946d39cd0c36b7a563c582c7a85bcdac0cfb13057805ccd002ca32cc6,holographic-inverse-v3-phase-pair,source_equivalent_local_scanner,2.0136554159998923,0.5885681670006306,0.0005826305490601573,32.34606747754308,0.96510987822511,0.992268722528525,0.7275867607749419,nan,0.007233559384065516,0.9943523948611094,0.9579227586179825,0.999989173251694,0.014205455780029297
18,Female/1950-1960/Eye_corner/Lev_ugol_glaza_frame50.png,5d3b8d9bd312e9d530506327ba6e44674f1e6806dcf2c64128c18ea7ae7b2375,holographic-inverse-v3-phase-pair,source_equivalent_local_scanner,1.8899286659998324,0.6050702500015177,0.0007632642230452231,31.173250940944783,0.9632369047788207,0.9947547597500693,0.7354152826177511,nan,0.0078051790536618725,0.992820038692157,0.96870335018672,0.9999921562938445,0.034848690032958984
19,Female/1950-1960/Eye_corner/l__ugol_glaza_frame250.png,66047a79cc9d98722a174053bd304149ac7b8fdf7cc7a1906852efb8e5185e1a,holographic-inverse-v3-phase-pair,source_equivalent_local_scanner,1.8524789160001092,0.5832728749992384,0.0008401076255601811,30.75665073232426,0.9505793509115689,0.990091853256246,0.7223030981815713,nan,0.008189959526062014,0.9899470771357055,0.9385955966208976,0.9999827805944915,0.012523531913757324
20,Female/1950-1960/Eye_corner/l__ugol_glaza_frame450.png,50b18c908d37a5794e3aac0bba09559a25556410a45d7997cf16bdd2110b3fb0,holographic-inverse-v3-phase-pair,source_equivalent_local_scanner,1.9299095000005764,0.5907934999995632,0.000633926127608672,31.97961348176864,0.9672841289679044,0.9918797848445535,0.7334630502138012,nan,0.00660057077220842,0.9928013267098442,0.9558769833233903,0.9999892736207998,0.010949790477752686
21,Female/1950-1960/Eye_corner/l__ugol_glaza_frame50.png,36470fb10a1a5354e5ea6b9b3cdc74488e9539a5509a337a44a7c8336afedb41,holographic-inverse-v3-phase-pair,source_equivalent_local_scanner,1.889101374999882,0.58267720799995,0.0007731924676656816,31.11712385459786,0.9666810165315192,0.9944998946444268,0.7374831308158681,nan,0.006635381567711925,0.9908615173323405,0.9364581095225589,0.9999819512395713,0.03877401351928711
22,Female/1950-1960/Eye_corner/lev_ugol1960_frame250.png,793ab10a05ea17f9382b754428f990153fa5b4355a25f17e9546c719c4cfa520,holographic-inverse-v3-phase-pair,source_equivalent_local_scanner,1.9106680839995533,0.5773409579996951,0.0007613307391162652,31.184266349918378,0.9672297705316583,0.9936643672151085,0.7354865646863274,nan,0.0069862605076210175,0.991621185317819,0.9641931271439961,0.9999835042736012,0.04029190540313721
23,Female/1950-1960/Eye_corner/lev_ugol1960_frame450.png,c20c175d7bfc24c64efac1da81b1a2cd7c0dadfd6c7a83a9adb4011aed2b9684,holographic-inverse-v3-phase-pair,source_equivalent_local_scanner,1.9041277920005086,0.579755999999179,0.0012263867159340762,29.113725623511478,0.9563382679897577,0.9884963222080109,0.7111652875671364,nan,0.008653993980557313,0.9845564601670488,0.9683056758016,0.9999445434904727,0.002103090286254883
24,Female/1950-1960/Eye_corner/lev_ugol1960_frame50.png,22736fb974ec0c6f9de86f35f9cb9633262b919fb0d12805734d8779cceaa6c0,holographic-inverse-v3-phase-pair,source_equivalent_local_scanner,1.9244497910003702,0.5753358330002811,0.001262299252766364,28.988376748710657,0.9604790262404115,0.9949648104821615,0.7404072572194449,nan,0.007907845646727318,0.9837788709895477,0.9532061773778318,0.99994392791655,0.04146921634674072
25,Female/1950-1960/Eye_corner/levyy_ugol_glaza1_frame250.png,8d4f128d7b806a0f0594dddbed38a762235544a1c51a4f2ca5cdc4c4038f1a31,holographic-inverse-v3-phase-pair,source_equivalent_local_scanner,2.279264917000546,0.6663613750006334,0.0005278011030162678,32.77529706511994,0.9746311887512189,0.9958306673147708,0.7458741188609479,nan,0.0068998395695405845,0.995117344067228,0.9529841565076611,0.9999925147611627,0.0381813645362854
26,Female/1950-1960/Eye_corner/levyy_ugol_glaza1_frame450.png,224438176e3cda095a04e2bb598dd8f9b6851ebd614a887e9bc3de28feef8ecb,holographic-inverse-v3-phase-pair,source_equivalent_local_scanner,2.0665640000006533,0.5847037500006991,0.0011149008757148694,29.527637434173606,0.9553698143404897,0.9897630002930333,0.7183090408471716,nan,0.008859674509833841,0.9850714082604215,0.9354971955940279,0.9999683225123778,0.0038584470748901367
27,Female/1950-1960/Eye_corner/levyy_ugol_glaza1_frame50.png,12be914bc4df1cc442537b5ebcfbbc1bb801995458b36ac9a7bfd00cb59e9066,holographic-inverse-v3-phase-pair,source_equivalent_local_scanner,1.952825833001043,0.5794102910003858,0.000651973737564879,31.85769897918952,0.9765613591673233,0.9972693172653833,0.7612561221242419,nan,0.006893853767245424,0.992671120898794,0.955444734413575,0.9999389711600052,0.03673940896987915
28,Female/1950-1960/Eye_corner/levyy_ugol_glaza_frame250.png,02df62539d2cd617a4ce5cb9d21faefe425a415fcecf018c646810a09af6c37c,holographic-inverse-v3-phase-pair,source_equivalent_local_scanner,1.9238756670001749,0.5897010830012732,0.000706629417621828,31.50808286452701,0.9654444741867103,0.9928007585780438,0.7261996464591945,nan,0.007586353339400947,0.9938854710703444,0.9829573863728185,0.9999911674529853,0.010473847389221191
29,Female/1950-1960/Eye_corner/levyy_ugol_glaza_frame450.png,178707f3ce25dbaa4cbe22347b87f273b2566c2d9b56aa271e38be24f0fbba41,holographic-inverse-v3-phase-pair,source_equivalent_local_scanner,2.039856375000454,0.596323833000497,0.0005591040893226165,32.525073312724444,0.9656839642811685,0.9930991125123059,0.7269541141382438,nan,0.0075465293024100525,0.9961207454409141,0.9706635110875309,0.9999958924206781,0.023578643798828125
30,Female/1950-1960/Eye_corner/levyy_ugol_glaza_frame50.png,a419fe00d62d1db81e81571e5ed66136880cff20ee19675a562d5b9365adc4a8,holographic-inverse-v3-phase-pair,source_equivalent_local_scanner,1.8599599999997736,0.6003029999992577,0.0006094956388843836,32.150293975357116,0.961089019540685,0.9939219447201556,0.7356465845132946,nan,0.007849242733974084,0.9949553385227135,0.9827725745764135,0.9999950703977865,0.03771054744720459
31,Female/1990-2000/Cheek/1levaya_shcheka_frame250.png,249df437a65ff2bed0a32cd5b136c631bbb4b33c0fc351d2b4c6b53af8bced56,holographic-inverse-v3-phase-pair,source_equivalent_local_scanner,2.177219707999029,0.6516389580010582,0.0004016791449652778,33.96120716094118,0.9718251129393677,0.9952808241370903,0.7503881024502027,nan,0.007017593851276474,0.9969114991314333,0.9693520707503747,0.9999970194472985,0.009784936904907227
32,Female/1990-2000/Cheek/1levaya_shcheka_frame450.png,4c7d433fd6e3f836c1c2e149c7da4199781116f1d528ac7552472448fd8224ca,holographic-inverse-v3-phase-pair,source_equivalent_local_scanner,2.1067908330005594,0.6080160000001342,0.0006028351569258218,32.19801427867603,0.9684693991669446,0.9933494601424696,0.7302152629191838,nan,0.007208224090875365,0.9939304202649961,0.9430095175226679,0.9999934646226736,0.004622161388397217
33,Female/1990-2000/Cheek/1levaya_shcheka_frame50.png,596218e3a154cee42160f43a905511e1b65346311752a475898349ab84ceb8f9,holographic-inverse-v3-phase-pair,source_equivalent_local_scanner,2.156567833000736,0.5894301669995912,0.000308979625474577,35.10070157583898,0.983249760272681,0.9974983091281278,0.7539688071344365,nan,0.006017035222521016,0.9977590109658018,0.975576619857557,0.9999974120511803,0.04452204704284668
34,Female/1990-2000/Cheek/2lev_shcheka_frame250.png,1f2cff576ca3da0ab3c53d17526d55f8f74364748cedff78a2595e6d4ca80482,holographic-inverse-v3-phase-pair,source_equivalent_local_scanner,2.1461637080010405,0.6178779169986228,0.0010174643851298178,29.92480783687309,0.9545560482877408,0.9937451552591284,0.7375382380199332,nan,0.0093046412748449,0.9877761074443911,0.9482600284299841,0.9999731774999839,0.03343510627746582
35,Female/1990-2000/Cheek/2lev_shcheka_frame450.png,b5293c57c3a4b4ff6fc0b2802875faf305dd2ed47cfba62f77c98e3aea188185,holographic-inverse-v3-phase-pair,source_equivalent_local_scanner,2.0518930420003016,0.60129620799853,0.0008549893154450813,30.680393124908175,0.9586538478838266,0.9918628184842149,0.7231711939534975,nan,0.008952332103953643,0.9903737668839976,0.9588972551233803,0.9999867979265865,0.016354680061340332
36,Female/1990-2000/Cheek/2lev_shcheka_frame50.png,c5c40851a208c20936bca20f0adbc5fb0ddb57bf59b575b452a14b27006fc2b1,holographic-inverse-v3-phase-pair,source_equivalent_local_scanner,2.124590250001347,0.5977135840003029,0.0008213777406451245,30.854570707129255,0.9689847493607091,0.9965050408298829,0.7629967422508681,nan,0.00877314427319695,0.9892912154288868,0.9686989559106991,0.9999572105938933,0.025330185890197754
37,Female/1990-2000/Cheek/3shcheka_levaya_frame250.png,01adab0f76e83e8d1c384cd6d8b9879645e4740e93dd48bbe0409661ef25bbf8,holographic-inverse-v3-phase-pair,source_equivalent_local_scanner,2.3638147080000635,0.6125851659999171,0.0005621669935015977,32.50134656702478,0.9706769924558032,0.9944665533440131,0.72939056814858,nan,0.007937031353221222,0.9965604053073791,0.9673665168892049,0.9999983008207598,0.007215261459350586
38,Female/1990-2000/Cheek/3shcheka_levaya_frame450.png,3d16562bf1e294b19870e6a4196c9101a0d99ba439ca05af9d09623c1daee0cd,holographic-inverse-v3-phase-pair,source_equivalent_local_scanner,2.0935362090003764,0.6089750000010099,0.0005412747134891027,32.66582261193922,0.9681042318388382,0.994105437942254,0.7266703396858362,nan,0.008159183894886691,0.9961716311424088,0.9752466066205678,0.9999977563468465,0.015924811363220215
39,Female/1990-2000/Cheek/3shcheka_levaya_frame50.png,886e290ab4914276886559bbbb928bc48aa1b36e0bbc8ba53e6850d80ebe036d,holographic-inverse-v3-phase-pair,source_equivalent_local_scanner,2.1600850830000127,0.6184209999992163,0.00045822642207924834,33.38919872299875,0.9721413146696399,0.9964348942807514,0.7399393031316919,nan,0.008212159194198309,0.99829514675506,0.9848733390151329,0.9999978447922219,0.03595936298370361
40,Female/1990-2000/Cheek/4levaya_shcheka_frame250.png,7c676d31f61aafc4d2187c132d602a850d6024af62a63d24b5ea26a975bf00ae,holographic-inverse-v3-phase-pair,source_equivalent_local_scanner,2.1208787499999744,0.593516416998682,0.0007598217557549977,31.192882755758795,0.9653527523799514,0.9918837816061182,0.7201232065683946,nan,0.00773605599122889,0.9928346287759581,0.9579979315866288,0.9999928851445669,0.016675889492034912
41,Female/1990-2000/Cheek/4levaya_shcheka_frame450.png,22a745f4a6ba09ab9894e4d348df7a739c95a87dc75c9df22dbeccb4d2cfe445,holographic-inverse-v3-phase-pair,source_equivalent_local_scanner,2.156125334000535,0.6756783750006434,0.0008612399631076393,30.648758263236413,0.9520718525455049,0.9885452463456676,0.710596436864364,nan,0.009021399161394907,0.9922530461253393,0.9575489822623996,0.9999868411424087,0.01337820291519165
42,Female/1990-2000/Cheek/4levaya_shcheka_frame50.png,4905963c2ca1b70cef7edb0fed4780b8c876307c1de5432db2bdaecaf418b0af,holographic-inverse-v3-phase-pair,source_equivalent_local_scanner,2.0788129579996166,0.5892809159995522,0.0007782198309394223,31.088977065085963,0.9548216301695467,0.9911818822620938,0.7237711846500842,nan,0.008614394992005591,0.9925189291421146,0.9735393686118983,0.9999910595776398,0.011645019054412842
43,Female/1990-2000/Cheek/5lev_shcheka_frame250.png,c62a532da120d7cc484b7f10b55af1244c9c8097bb4e909c6af321dfd173eaa6,holographic-inverse-v3-phase-pair,source_equivalent_local_scanner,2.143309584000235,0.6039754159992299,0.0008756980910662365,30.576455970095818,0.9465644368273544,0.990308786709522,0.7171923469768926,nan,0.009312671119091558,0.9915967081468684,0.951717724541399,0.9999868906355589,0.013506889343261719
44,Female/1990-2000/Cheek/5lev_shcheka_frame450.png,dbf97de26c4561b8884521659937e78ae8a27089a8e95813e9d6c0b900874373,holographic-inverse-v3-phase-pair,source_equivalent_local_scanner,2.1572119160009606,0.5998450839997531,0.0007937219627817425,31.003316023289223,0.963585195708883,0.9919972118374883,0.718174229916888,nan,0.00835305877760345,0.9913169476462985,0.9664780858105791,0.999993049398441,0.01971590518951416
45,Female/1990-2000/Cheek/5lev_shcheka_frame50.png,1960bf379f95f781962e42ab36dfd15365100e6da6e0a90d76cdbdc8301a13bb,holographic-inverse-v3-phase-pair,source_equivalent_local_scanner,2.1567632500009495,0.6724609579996468,0.0009173446708072014,30.374674576722718,0.9556081710486333,0.9940178727470987,0.7366093611143101,nan,0.008883571624755861,0.9890219824523439,0.9486121892577848,0.9999885096844494,0.03162384033203125
46,Female/1990-2000/Eye_corner/2lev_ugol_glaza_frame250.png,9e44b174e24d1f310b9c9cbc7b20ed3b128b5e2fc640a6b80385b86522ae1cbc,holographic-inverse-v3-phase-pair,source_equivalent_local_scanner,2.5461170420003327,0.594936208000945,0.0012157966118049551,29.151390712464142,0.9632929877053036,0.9948110222297926,0.7343866879230553,nan,0.00863635119269876,0.9843170176362409,0.9558706499473577,0.9999427238322613,0.03995978832244873
47,Female/1990-2000/Eye_corner/2lev_ugol_glaza_frame450.png,f99d3a78cf19dd38a4084733a8739035d66aae55f4d897f7318e34309ea9fa24,holographic-inverse-v3-phase-pair,source_equivalent_local_scanner,2.1139746669996384,0.5925553340002807,0.0008610938870416426,30.649494938411756,0.9631489604034792,0.9921583741946817,0.7223834436169583,nan,0.008537303700166591,0.9911641361375728,0.9716984857181654,0.9999891027377339,0.0008254051208496094
48,Female/1990-2000/Eye_corner/2lev_ugol_glaza_frame50.png,9287f3aa749b9b5f8b14b98c5f0b9ed4b390a8cc6891a3f7cac264d2881e66c5,holographic-inverse-v3-phase-pair,source_equivalent_local_scanner,2.166391875000045,0.6356324999997014,0.0010351882811373632,29.849806530839768,0.9761808985052771,0.9974085296558922,0.7547144021090181,nan,0.007896645676855947,0.989850445886148,0.9568865001987108,0.9999636354433148,0.03180474042892456
49,Female/1990-2000/Eye_corner/3ugol_glaza_levyy_1_norm_frame250.png,63bd15898bb0632b6021a51070bc5b31918e57bb87b91b339bf7334da3c66165,holographic-inverse-v3-phase-pair,source_equivalent_local_scanner,2.130550083000344,0.5918514169989066,0.0006908492132683343,31.60616732642518,0.9710330143113601,0.9937503229906062,0.7227570266648593,nan,0.007993799751880125,0.9954734746141697,0.9641197561669701,0.9999966822976236,0.009701132774353027
50,Female/1990-2000/Eye_corner/3ugol_glaza_levyy_1_norm_frame450.png,6d2ff494e70f6653433b8f61441fbbb5662607d077495d97467c011508921011,holographic-inverse-v3-phase-pair,source_equivalent_local_scanner,2.2089431250005873,0.6003055420005694,0.0008052629106368343,30.94062303486369,0.9671978450129197,0.9923523797180233,0.7146031196722485,nan,0.00859809856788785,0.9943293765678093,0.9710107592008664,0.9999959035449848,0.019440174102783203
51,Female/1990-2000/Eye_corner/3ugol_glaza_levyy_1_norm_frame50.png,10ae9086a8f3e9ffbb9458755b4dbbbc12e0f426d98bd2b168aad784ef908e93,holographic-inverse-v3-phase-pair,source_equivalent_local_scanner,2.135588041999654,0.5941709590006212,0.0006397204782265234,31.94009746768088,0.9716193716046511,0.9961945649289454,0.7404442022582244,nan,0.007966775146185184,0.9962607954152816,0.9703224731698482,0.9999963117337499,0.03933703899383545
52,Female/1990-2000/Eye_corner/3ugol_glaza_levyy_frame250.png,ccbd99fb427fc6922c2e1950c89fa98959f391a3810e6ea16a4d7f8415467334,holographic-inverse-v3-phase-pair,source_equivalent_local_scanner,2.0520256250001694,0.7080330420012615,0.0005430616520313702,32.65150863565633,0.9709044552681023,0.9943642110463241,0.723391582546924,nan,0.008267434999054553,0.9971186392283443,0.9759605122259712,0.9999975460751981,0.0052787065505981445
53,Female/1990-2000/Eye_corner/3ugol_glaza_levyy_frame450.png,e3103e1cac0a56e2ef539e233631fdaa36e611f07fc8076cf4a719e23e5fabf6,holographic-inverse-v3-phase-pair,source_equivalent_local_scanner,2.134843042000284,0.6083896250001999,0.00043573235053825444,33.60780195082181,0.975773892396771,0.9949765805054955,0.7275470222290581,nan,0.007675812571656472,0.9976834550345581,0.984998889186245,0.9999981376351638,0.02242875099182129
54,Female/1990-2000/Eye_corner/3ugol_glaza_levyy_frame50.png,f2a92acbce4a02bc7b7de0fd6c871b2febadd6bd6b2fc9e625c7a2890fb20950,holographic-inverse-v3-phase-pair,source_equivalent_local_scanner,2.0205016669988254,0.6092892920005397,0.0008238781639723904,30.841370075100333,0.9698552447771532,0.9959392399972526,0.7360711357585589,nan,0.007902610722710106,0.9936577749729454,0.967732426241826,0.9999927722080347,0.039617300033569336
55,Female/1990-2000/Eye_corner/4levyy_ugol_glaza_frame250.png,e79a1a00e406b9a77859a314dddd098f9d197ec894be1df97b590b36c0c4a200,holographic-inverse-v3-phase-pair,source_equivalent_local_scanner,2.1141622079994704,0.619038292001278,0.0009915666825860247,30.036780742924094,0.9598453073490767,0.9901161256680527,0.7085659579205957,nan,0.008437498597537771,0.9904263557861408,0.9627357440900904,0.999990413004581,0.012904345989227295
56,Female/1990-2000/Eye_corner/4levyy_ugol_glaza_frame450.png,8dc39a5da262f706c7dd299cccf2a0a153272d766344fb2842b8cba1d66debc3,holographic-inverse-v3-phase-pair,source_equivalent_local_scanner,1.9987597500003176,0.5904866659984691,0.0006257400014042073,32.036060811838574,0.9681723956205152,0.9917759276418582,0.7203060627453782,nan,0.007264660666970646,0.9949105541777116,0.962055322668767,0.9999951229095921,0.01573657989501953
57,Female/1990-2000/Eye_corner/4levyy_ugol_glaza_frame50.png,c81e19ba7e4fa870ab0cbb2abd250d9f838824cf0b33344a4b93990f74deb372,holographic-inverse-v3-phase-pair,source_equivalent_local_scanner,2.1635480420009117,0.6073168750008335,0.0008375023090578142,30.770139869064188,0.9517909933539698,0.9914554614941902,0.7218490502739701,nan,0.009140290279014439,0.9927139967571726,0.9759488837799237,0.9999827028348673,0.005088448524475098
58,Female/1990-2000/Eye_corner/5lev_ugol_glaza_frame250.png,ac22ef77811acd0a3a546b00acfcf7fae9c0b22f380ceaf630691dcedfaf5b6c,holographic-inverse-v3-phase-pair,source_equivalent_local_scanner,2.1581939160005277,0.6183269159992051,0.0006573065112802165,31.822320655759203,0.9695983579830992,0.994083044374792,0.7220226183118957,nan,0.008072310802983304,0.9962565501499374,0.9768610183809405,0.9999964884829471,0.010035872459411621
59,Female/1990-2000/Eye_corner/5lev_ugol_glaza_frame450.png,31002d96f3ef77e75d21e40a3dfb9e15e01d20279a98d8fba3c8e3538cb7c51a,holographic-inverse-v3-phase-pair,source_equivalent_local_scanner,2.0198792920000415,0.6027486250004586,0.0008824563090593161,30.543067875879196,0.9632827037016635,0.9915038745647149,0.7088628460987833,nan,0.00857455234901578,0.9933794295293015,0.9706993639197465,0.99999351916296,0.01560741662979126
60,Female/1990-2000/Eye_corner/5lev_ugol_glaza_frame50.png,4fca1be933158892e3ed9c44552edbec5d5b79e53e651c6def30991adc5621d5,holographic-inverse-v3-phase-pair,source_equivalent_local_scanner,2.0062625000009575,0.6040203749998909,0.0005676745891754374,32.459005456686896,0.9724772628420861,0.9967553590843156,0.7394358394203492,nan,0.0075429591010598585,0.9967596227447362,0.977583537110421,0.9999966769046623,0.03624451160430908
61,Male/1950-1960/Cheek/lev_shcheka1960_frame250.png,03c392fb86aab5071bf634f125cf17342244760860fd4698795f350c8fcd7242,holographic-inverse-v3-phase-pair,source_equivalent_local_scanner,2.27072925000175,0.6062628750005388,0.0007262030238144584,31.38941947073912,0.9748964876684788,0.9960837849225891,0.7559647565602226,nan,0.007918456956452014,0.9944052373871495,0.9897466886586619,0.9999931509645541,0.02987682819366455
62,Male/1950-1960/Cheek/lev_shcheka1960_frame450.png,c73b575042fa17329fd06353f18b1fbf44ced6ba5b0169936045a2772634fcc2,holographic-inverse-v3-phase-pair,source_equivalent_local_scanner,2.1378349999995407,0.614835791000587,0.0006401286699000987,31.937327213113562,0.9685578315722426,0.9935598976021045,0.7399011789175688,nan,0.007378214013342764,0.9926763265525348,0.9634190330013933,0.9999852811727705,0.00848531723022461
63,Male/1950-1960/Cheek/lev_shcheka1960_frame50.png,9e6ab8f84de73d0a62635262c559bd34ba1848f012df829b0836d8d71ce58902,holographic-inverse-v3-phase-pair,source_equivalent_local_scanner,2.1317210409997642,0.6068299580001622,0.002254014240691682,26.47043344441519,0.9655764255011595,0.9936162292872569,0.7405522407854236,nan,0.010009876326018689,0.9723826054838406,0.9588984533381248,0.9997481470045586,0.03319287300109863
64,Male/1950-1960/Cheek/levaya_shcheka1960_frame250.png,b7dbcbb6cc32d2c3ad9bf0b0586a60b5a0ec081c86baabf51d625521f5e1631e,holographic-inverse-v3-phase-pair,source_equivalent_local_scanner,2.3131428329998016,0.857873250000921,0.00108783268736033,29.63437895578821,0.9596165104394946,0.9925025649459231,0.7318906557760978,nan,0.009339689834445133,0.988988228590171,0.9948669806372912,0.9999671617915121,0.05057787895202637
65,Male/1950-1960/Cheek/levaya_shcheka1960_frame450.png,c03def11d0d106d568aa4086bdb27800d0479e462bcb388d8b8f8e85622e20a0,holographic-inverse-v3-phase-pair,source_equivalent_local_scanner,3.1237532920004014,0.6762152920000517,0.0006410430239421136,31.931128215988007,0.9662062275602986,0.9934768478334262,0.7318334293822122,nan,0.008263661253686046,0.9931082058349976,0.9907591847296356,0.999992551920691,0.0331263542175293
66,Male/1950-1960/Cheek/levaya_shcheka1960_frame50.png,4bb965c5db70c30ddcbeaa9338caf79d9adb91ac53197bf2c48912622e196b9a,holographic-inverse-v3-phase-pair,source_equivalent_local_scanner,3.2132805420005752,0.6631134580002254,0.0007058645422208407,31.51278633523775,0.9665173265883847,0.9958863115009332,0.7553163196184445,nan,0.008142915894003476,0.9930560665286023,0.9807610878551738,0.9999801589759946,0.030837297439575195
67,Male/1950-1960/Cheek/levaya_shcheka_frame250.png,f0eb8e5afd75cf0e2f2586c273d4619647dec9751aee0e3718c22083c0af52f4,holographic-inverse-v3-phase-pair,source_equivalent_local_scanner,3.015592874999129,0.6711569579983916,0.0004927870806525736,33.07340686547457,0.9779228901306024,0.9950968388395773,0.7449049372203835,nan,0.00592326136196361,0.995743617872053,0.9671367881448614,0.9999888507379415,0.025439918041229248
68,Male/1950-1960/Cheek/levaya_shcheka_frame450.png,b96ba855be1e7748afe10b326538165d8808e1ae32b40550f8595b97fba2b6c3,holographic-inverse-v3-phase-pair,source_equivalent_local_scanner,2.945680041999367,0.657772250000562,0.0004452175564236112,33.514277183095636,0.9694115973880507,0.9938796362268207,0.7412797501236722,nan,0.006649465747908052,0.9939621934715759,0.9708434047005458,0.9999944244310959,0.02540057897567749
69,Male/1950-1960/Cheek/levaya_shcheka_frame50.png,a8ae95c689dbb03a0366845b58ae1a773ba37a9ede7ccfb0b7e23b71322ad366,holographic-inverse-v3-phase-pair,source_equivalent_local_scanner,2.8786077090007893,0.6903321659992798,0.0004830117172481738,33.16042333690514,0.9743196885645049,0.9952141861882374,0.747973852379942,nan,0.006787750767726524,0.9962573034244376,0.965977707381329,0.9999965546596257,0.012483477592468262
70,Male/1950-1960/Cheek/prav_shcheka1960_frame250.png,16644a50f99dab1e86ba30d7672b0c76a5363bda7c3d3195c1aec89066933826,holographic-inverse-v3-phase-pair,source_equivalent_local_scanner,3.1237756669997907,0.6617157500004396,0.0006675587045096838,31.75510536819447,0.9577036314617798,0.9945966694457378,0.7642980912762598,nan,0.009668449233560002,0.9984084381752183,0.9889370198128227,0.9999982994048423,0.03501838445663452
71,Male/1950-1960/Cheek/prav_shcheka1960_frame450.png,3511c7dac14a3f100acace49e756e02238f0dcec21f9116c7ee4d6fee8892107,holographic-inverse-v3-phase-pair,source_equivalent_local_scanner,2.9300285000008444,0.6496107500006474,0.0026134908955539934,25.827790084866624,0.8891791103492345,0.984185575525862,0.7365027017200078,nan,0.013811529290442374,0.9912706439951905,0.9811922609443714,0.9999967112979956,0.016530096530914307
72,Male/1950-1960/Cheek/prav_shcheka1960_frame50.png,c69c35af78ba185637cdde32a0410fdba3898969af9af91f45b9f71b80903ba4,holographic-inverse-v3-phase-pair,source_equivalent_local_scanner,3.00441150000006,0.6834777079984633,0.00044932035793024297,33.474439038274696,0.9751976544717894,0.9968983080762505,0.7678188598914439,nan,0.008196118859683767,0.9972003102694147,0.9803889900786142,0.9999987706067943,0.034031569957733154
73,Male/1950-1960/Cheek/pravaya_shcheka_frame250.png,618eff104d7bccb86c14bd236c436328da23d694ed3c0d019f419ea706c18c47,holographic-inverse-v3-phase-pair,source_equivalent_local_scanner,3.1426768750006886,0.6634651250005845,0.00048094658886455906,33.1790315117162,0.9705071585664427,0.9952728846337369,0.7368692746387403,nan,0.007601320696812049,0.9953003955512458,0.9740842392649018,0.99999708926991,0.03474879264831543
74,Male/1950-1960/Cheek/pravaya_shcheka_frame450.png,c27e355af436f45558e921d92ae5ace56506e6d8ab3dc9718b4f67c33718283a,holographic-inverse-v3-phase-pair,source_equivalent_local_scanner,3.041193832999852,0.662031832998764,0.0003851386410875624,34.1438290628191,0.9720057443019907,0.9942320010080904,0.7438805176679384,nan,0.006238769269457052,0.9955160324283029,0.971992288665962,0.9999951986835551,0.017038941383361816
75,Male/1950-1960/Cheek/pravaya_shcheka_frame50.png,397e50d135ea7462f048ab34fd4a9f904e6e3f1ba67adfacaa904161af290aba,holographic-inverse-v3-phase-pair,source_equivalent_local_scanner,2.90293599999859,0.6728302920000715,0.0003390906545484308,34.69684179357791,0.9784211049648981,0.9966091128365802,0.7516151507721592,nan,0.006549365380231073,0.9979870716694879,0.981819318661064,0.99999691893803,0.03581428527832031
76,Male/1950-1960/Eye_corner/lev_ugol_gl_frame250.png,3a6f6f2048b4da7631a5ecc2952e5dc7aa1db80e5aefdacde43f6f380c131903,holographic-inverse-v3-phase-pair,source_equivalent_local_scanner,3.444387542000186,0.7152802079999674,0.000817383117558451,30.875743365619385,0.9604667452882042,0.9950286894870982,0.7498953837725567,nan,0.008439082164390415,0.9890696319400175,0.9631824591472385,0.9999679323315551,0.03340280055999756
77,Male/1950-1960/Eye_corner/lev_ugol_gl_frame450.png,0ca15f83fdf41122a232ad7a35297b31fd89197edeb11e09b911a9bb0402976f,holographic-inverse-v3-phase-pair,source_equivalent_local_scanner,2.9520937079996656,0.7056217079989437,0.0007828363039455977,31.06329042189239,0.9622111994175235,0.9925865015408442,0.7329546799219577,nan,0.008113792924319997,0.9898441584571109,0.9570557886623262,0.9999779358044121,0.01524209976196289
78,Male/1950-1960/Eye_corner/lev_ugol_gl_frame50.png,c6ea9c75262ada40f0006cc269f554f9141542081545073716a5f0bc70f395fe,holographic-inverse-v3-phase-pair,source_equivalent_local_scanner,3.43481037499987,0.7238901250002527,0.0007278455289131582,31.37960781482251,0.9769056431890487,0.9974708944990899,0.771129781806442,nan,0.007363230480867275,0.9906460242437809,0.9476086251209124,0.9999645714427018,0.033494770526885986
79,Male/1950-1960/Eye_corner/levyy_ugol_frame250.png,59a2b3ab57d05016f91e148571f746ad7fd1cb559171c198eac021f4b5543faa,holographic-inverse-v3-phase-pair,source_equivalent_local_scanner,3.374998499999492,0.6730324590007513,0.0006898370058616279,31.61253511896108,0.9693677908587122,0.9940049290542152,0.7378266150503381,nan,0.007190200861762554,0.9922085748988299,0.9620696355458829,0.9999853217951268,0.04491502046585083
80,Male/1950-1960/Eye_corner/levyy_ugol_frame450.png,966dfec5945c5644684b8402f5ff92f6f1c4c673ecafb5ad5ff7cf5df289eeb8,holographic-inverse-v3-phase-pair,source_equivalent_local_scanner,3.206718625000576,0.6711135419991479,0.001017237116583766,29.92577801825633,0.9602044576830316,0.9893047088379952,0.7199673809733415,nan,0.008281589021869736,0.9855746739740908,0.9631546259969417,0.9999440602786387,0.0059049129486083984
81,Male/1950-1960/Eye_corner/levyy_ugol_frame50.png,7ef870594d363eac4f9835041a387421b90a50ba39157c9de620659f8c4a6d45,holographic-inverse-v3-phase-pair,source_equivalent_local_scanner,3.0329469589996734,0.6520823749997362,0.00035093759949598704,34.54770098929538,0.9780030234215802,0.9973961336985239,0.7627102369584269,nan,0.007134280952752807,0.9980389814904196,0.9857521324065301,0.9999974331888594,0.03656274080276489
82,Male/1950-1960/Eye_corner/levyy_ugol_glaza1950_frame250.png,d65b3159218ea71fc3059377011e901a75e7ab187e9c14bbc326432e34f4e06d,holographic-inverse-v3-phase-pair,source_equivalent_local_scanner,2.842641999999614,0.6488449999997101,0.0006451787952274966,31.9031991479055,0.9621811376477583,0.9923138299711991,0.7301195771972108,nan,0.007543719890070897,0.9929869076242728,0.9739194710709193,0.9999926875541018,0.004153072834014893
83,Male/1950-1960/Eye_corner/levyy_ugol_glaza1950_frame450.png,327393e484b2961b0b09440722a7b31b8da07234a5ca25d7b639b0fd67f08023,holographic-inverse-v3-phase-pair,source_equivalent_local_scanner,2.972587583000859,0.6719529169986345,0.0010569586601682642,29.75941998512728,0.9586151059644465,0.9876826523751587,0.7180254622007404,nan,0.007728315802181468,0.984188455464418,0.9672749210942057,0.9999185469820601,0.011516392230987549
84,Male/1950-1960/Eye_corner/levyy_ugol_glaza1950_frame50.png,c76dcae6df5cec03c21f4a9c6b84522d8cadd1932490f3d4b5bec98be47eae57,holographic-inverse-v3-phase-pair,source_equivalent_local_scanner,3.2829208330003894,0.6765311250001105,0.0008173195246044189,30.876081262779707,0.9671934316730896,0.9934168993988436,0.7324514202865411,nan,0.006717139599370023,0.9912145859376224,0.9573436525149306,0.9999809239515225,0.008189380168914795
85,Male/1950-1960/Eye_corner/pravyy_ugol_frame250.png,7a63bba3584c9fc304daf576ea42d0e169e4696d7e5ca02b48195d26a1592b09,holographic-inverse-v3-phase-pair,source_equivalent_local_scanner,3.0791663750005682,0.7757243329997436,0.0005181123292799043,32.855760728846256,0.9722667639911561,0.9945108236151895,0.7303645866644655,nan,0.007595486173442767,0.9959444144397466,0.9838760542072376,0.9999968308391528,0.01241755485534668
86,Male/1950-1960/Eye_corner/pravyy_ugol_frame450.png,8148d86cd9072af6115777873add496ecd4ea0c9c38e163916b51ce999ab10f4,holographic-inverse-v3-phase-pair,source_equivalent_local_scanner,3.922715042001073,0.6984140000004118,0.0007012054783616877,31.541546995192633,0.970428238958991,0.9923422933864626,0.724997103127631,nan,0.007404205845851526,0.9938021274126192,0.9664594396003573,0.999989393346601,0.013924002647399902
87,Male/1950-1960/Eye_corner/pravyy_ugol_frame50.png,7f9c2b8603d38b2d942ca385a56c2442a8e580b0e754fe38ab705ae7973faa59,holographic-inverse-v3-phase-pair,source_equivalent_local_scanner,3.063224084000467,0.6889633329992648,0.0006516303121470709,31.859987216440437,0.9715124336375142,0.9965153626263514,0.7468219126099049,nan,0.007484762341368433,0.9945492475432276,0.9715048534827205,0.9999945830459145,0.035332560539245605
88,Male/1950-1960/Eye_corner/pravyy_ugolglaza1950_frame250.png,79b0223b5b7785a63a2fb84a590a4d103d2c7a5f3dbd513da1639279cd0ededa,holographic-inverse-v3-phase-pair,source_equivalent_local_scanner,3.1371943340000144,0.6569117090002692,0.0003656082123987769,34.36984057578756,0.9771256560668068,0.9955235828084003,0.7517210003162657,nan,0.005922630253960107,0.9977358346322224,0.9667415076921384,0.9999977299554131,0.011865079402923584
89,Male/1950-1960/Eye_corner/pravyy_ugolglaza1950_frame450.png,ebe55734bcf3e21ddec7fd99974dba72d7539d2de932adf9af862622e68f5a75,holographic-inverse-v3-phase-pair,source_equivalent_local_scanner,3.083310625001104,0.652107290999993,0.0010309629869296065,29.867569262400306,0.9523099119840224,0.9876194547368778,0.7143210339469721,nan,0.008312365494522394,0.9865309765443678,0.9479645331589512,0.999959284834216,0.009217977523803711
90,Male/1950-1960/Eye_corner/pravyy_ugolglaza1950_frame50.png,63db5357bd081901115eecd1558214c7cced3a88cccf0236c6d8c8179dc819fb,holographic-inverse-v3-phase-pair,source_equivalent_local_scanner,2.8974854579992098,0.6457459590001235,0.0007204043319801878,31.424236843180307,0.9625163398900319,0.9938831753031563,0.7381665130799137,nan,0.007591469708610984,0.9932701015053514,0.9634618586109732,0.9999941511332056,0.04705190658569336
91,Male/1990-2000/Cheek/1lev_shcheka_frame250.png,2a1e876add706414a14f01e07b86b38e6a6e1bacc1da6a402bffefb2bf6e7373,holographic-inverse-v3-phase-pair,source_equivalent_local_scanner,3.2984279169995716,0.6877817909989972,0.0006632406021346959,31.783288950885044,0.9621829024401298,0.9952696530673302,0.7411879318574432,nan,0.008873354219922833,0.9932480057801106,0.9897930132412319,0.9999925225988179,0.026272892951965332
92,Male/1990-2000/Cheek/1lev_shcheka_frame450.png,fe695d87021c612838813d5ba364ffb9405445c243946b5051f8f5f9f8d523bd,holographic-inverse-v3-phase-pair,source_equivalent_local_scanner,2.629999750000934,0.6189127079996979,0.000699891615078936,31.549692094395247,0.9609638880934783,0.9932317742586294,0.728738676515977,nan,0.00889204548854454,0.991851722063269,0.9900929398043697,0.9999938892547388,0.024764060974121094
93,Male/1990-2000/Cheek/1lev_shcheka_frame50.png,7d050e96267da8bf600f8a73dbae14b4b3fb6bac5b7513bf89622872ce2ff569,holographic-inverse-v3-phase-pair,source_equivalent_local_scanner,3.348010499999873,0.6679999590014631,0.0007262153434826748,31.389345795494496,0.9605647343640307,0.9955817276284676,0.7549561100950647,nan,0.009380592458388386,0.9930360059510863,0.9914620511871374,0.9999597906433573,0.02599179744720459
94,Male/1990-2000/Cheek/2levaya_shcheka_frame250.png,423c4600360ba540a28bf3608b6ca5d432bb37be269f333f60afcdf4766a03ea,holographic-inverse-v3-phase-pair,source_equivalent_local_scanner,3.1384070409985725,0.6517046250010026,0.0007649472070537774,31.163685367109423,0.9640054163988672,0.9932326290709952,0.7245671692380437,nan,0.007469594244863474,0.9923704116436368,0.921863115057642,0.99999259375862,0.04418838024139404
95,Male/1990-2000/Cheek/2levaya_shcheka_frame450.png,48c4839557df5a3ad624804a771fa87079c8a00a5b5c4e2c75b756784f976b83,holographic-inverse-v3-phase-pair,source_equivalent_local_scanner,2.9971123750001425,0.711362709000241,0.001093256509290297,29.612779281697588,0.9578762182630723,0.9894417543472701,0.7141170841769562,nan,0.008185285773931766,0.987124249387627,0.892430496450083,0.9999635995961538,0.005838990211486816
96,Male/1990-2000/Cheek/2levaya_shcheka_frame50.png,c9e33e6535d57d7df0f4ac2e6c260066563b7e91d0057889db2f4ad308e3d597,holographic-inverse-v3-phase-pair,source_equivalent_local_scanner,3.392253832998904,0.6484483749991341,0.0005555309162191224,32.552917668405776,0.966912984757091,0.996191845769122,0.7476693646500073,nan,0.007309772921543497,0.995526286633855,0.945556167752722,0.9999909375375554,0.03771263360977173
97,Male/1990-2000/Cheek/2pravaya_shcheka_frame250.png,722d78cf1be46f4201e90ebeaa5e5e024c408fc5d70464bcda1bc65034e2ef85,holographic-inverse-v3-phase-pair,source_equivalent_local_scanner,2.9483944999992673,0.6470714999995835,0.001023376535241854,29.89964545085037,0.9514320939840164,0.9915855746305547,0.7214130859784551,nan,0.008599966928070668,0.9874312517751522,0.8911474391673838,0.9999762383092565,0.062215566635131836
98,Male/1990-2000/Cheek/2pravaya_shcheka_frame450.png,0ad9aba2581b6fae6a175c9838fc8a7fcc1cb72f209dd41172fe6ab8eb0662b4,holographic-inverse-v3-phase-pair,source_equivalent_local_scanner,2.8566065000013623,0.6590587499995308,0.0009575551292246371,30.18836213047252,0.9573044264084419,0.9898020705433569,0.7130989294978068,nan,0.008126143567702351,0.9871320896170327,0.9115307709629021,0.9999745859986615,0.014898955821990967
99,Male/1990-2000/Cheek/2pravaya_shcheka_frame50.png,797373cc0920f24859192fbe89ad21c8c747eb458797584fb26bb486c2347256,holographic-inverse-v3-phase-pair,source_equivalent_local_scanner,3.3314208339998004,0.6689945420002914,0.00082553275407896,30.832656908644793,0.9662109966471522,0.9961990410951598,0.7433841418095503,nan,0.00726316162184173,0.9902703306216424,0.9372058766207746,0.9999617933813919,0.03992742300033569
100,Male/1990-2000/Cheek/levaya_shcheka_frame250.png,5c88c88d7ff0c67a2a6eb701dab81cee7027932f5fd6e845cfa353bf493b5aeb,holographic-inverse-v3-phase-pair,source_equivalent_local_scanner,3.1847800409996125,0.6850037500007602,0.0006238031149002185,32.0495246096618,0.9664248132729718,0.9944229465888761,0.7360489303360511,nan,0.008390490494522396,0.9942971278442653,0.9864887157585231,0.9999922379670543,0.04306185245513916
101,Male/1990-2000/Cheek/levaya_shcheka_frame450.png,9393b5a55418117878e28b2ac65b1f4b383d00a6cc8bfdfc2f6e4f1a43f795e7,holographic-inverse-v3-phase-pair,source_equivalent_local_scanner,3.3267635829997744,0.665608749999592,0.0006369280200974385,31.959096449657697,0.9682595100507856,0.993429571089995,0.7279001116086534,nan,0.008240363270628687,0.9948841205319066,0.9939704153691766,0.9999930130299244,0.023617029190063477
102,Male/1990-2000/Cheek/levaya_shcheka_frame50.png,8a749e441edba8a24c878fadbf21ea16f3d4658df3bdf69bf4abc9f445bf2131,holographic-inverse-v3-phase-pair,source_equivalent_local_scanner,3.440276625000479,0.6643469589998858,0.0007147994695925246,31.4581577842874,0.9548257148016839,0.9946803928504522,0.7495576068812675,nan,0.009232627363765943,0.9946820074175019,0.9855949988194603,0.9999794932681884,0.030538201332092285
103,Male/1990-2000/Cheek/shcheka_lev_frame250.png,b74da7b085fb3d7334cf1bb411d9e06c044214d822d620db9e22489857413048,holographic-inverse-v3-phase-pair,source_equivalent_local_scanner,3.1874751670002297,0.6472420000009151,0.0006484950152510452,31.880933578332318,0.9673918225436917,0.9939134489243826,0.7322211551218162,nan,0.00794422430150649,0.9938511832690348,0.9767497690835296,0.9999930030871828,0.011561870574951172
104,Male/1990-2000/Cheek/shcheka_lev_frame450.png,4dc17a17ca67020ab2ad235104242b00241b0c3f7582234f192285ce591d7c1e,holographic-inverse-v3-phase-pair,source_equivalent_local_scanner,3.1007214170003863,0.6512532500000816,0.0006409332028997262,31.931872296444787,0.9660292786839663,0.9932430708950265,0.7236900923151263,nan,0.008267526813581878,0.9950536845839384,0.9935871500058061,0.9999974007602529,0.019853949546813965
105,Male/1990-2000/Cheek/shcheka_lev_frame50.png,085529106bb2ea47a73cc9545334bbb3d9d052c669c8279fc610e8dca5e09778,holographic-inverse-v3-phase-pair,source_equivalent_local_scanner,3.2434531670005526,0.6563146250009595,0.0006487540802741133,31.879198976830473,0.961801639881501,0.9954134830898692,0.7430806309144515,nan,0.008381002931033865,0.9939647183935175,0.9643921279542524,0.9999889489769658,0.02938544750213623
106,Male/1990-2000/Eye_corner/2levyy_ugol_glaza_frame250.png,01f516c898164cadb143fd06a007b36c2fd0cfa2e70fc80ae126ed3c06b7b15c,holographic-inverse-v3-phase-pair,source_equivalent_local_scanner,2.690762166999775,0.5800966250008059,0.0007530877077776577,31.231544410826313,0.963740400895506,0.9924985969449048,0.7218092219210467,nan,0.008007102667116652,0.9934446606796427,0.9689605172896508,0.9999919288572998,0.010206222534179688
107,Male/1990-2000/Eye_corner/2levyy_ugol_glaza_frame450.png,12c4df4dd7cea2a2d2e8f6b6f40cd706552d3c5a28f97b94770c76f185253cc2,holographic-inverse-v3-phase-pair,source_equivalent_local_scanner,3.329242208999858,0.6576131249985337,0.0008342191761431903,30.787198312757877,0.9602476747747356,0.9919559937527848,0.7215038920675386,nan,0.0082080265119964,0.9912190960693228,0.9665777879780572,0.9999838561828781,0.01865851879119873
108,Male/1990-2000/Eye_corner/2levyy_ugol_glaza_frame50.png,a297d35887b845e13218ea467557e34b472f7e511c173317ec9c5affdfc9da25,holographic-inverse-v3-phase-pair,source_equivalent_local_scanner,3.286612707999666,0.6510369999996328,0.0008949898701821415,30.481818801577138,0.958052555673399,0.9944286105355405,0.7290601290143731,nan,0.00841012711618461,0.9897573546658847,0.9553889064552762,0.9999810142626047,0.04218292236328125
109,Male/1990-2000/Eye_corner/2pravyy_ugol_glaza_frame250.png,1367e142ffcb5d7f951ecef2114984629a39cfa31340b5bb1dca767bd46bec42,holographic-inverse-v3-phase-pair,source_equivalent_local_scanner,3.1817102919994795,0.6538039169990952,0.0009786069782730803,30.09391691687989,0.9460971996891042,0.9900565737145319,0.7126887194893056,nan,0.009509748758054248,0.990244730027061,0.9687800678866679,0.999986698978142,0.009730696678161621
110,Male/1990-2000/Eye_corner/2pravyy_ugol_glaza_frame450.png,988cd5d658443df4cb7394a02505aa355f2a2ecf83c12d1780226a9b2694aa98,holographic-inverse-v3-phase-pair,source_equivalent_local_scanner,3.278002708999338,0.7094944580003357,0.0011467158908983319,29.405441691074227,0.9478297093907302,0.988162772075374,0.7070620954418487,nan,0.009388228397743375,0.9855733623022211,0.9656706074737331,0.9999742510323995,0.012171387672424316
111,Male/1990-2000/Eye_corner/2pravyy_ugol_glaza_frame50.png,22d46807ccf19834e73fe7c3bc1db0c80f88d1a386d7b588bdc20d14c4ab0ad3,holographic-inverse-v3-phase-pair,source_equivalent_local_scanner,3.0944443750013306,0.6583627500003786,0.0009651169415759563,30.154200607451955,0.9609442036130896,0.9947414848387326,0.7303630098877641,nan,0.008255392897362802,0.9893256307804791,0.9674662947313671,0.9999855030478922,0.039067625999450684
112,Male/1990-2000/Eye_corner/lev_ugol_glaza_frame250.png,12bd8654dfcda19c792fcd3ad6a764ba33ae31f86acaa223cf28847ebdcacc5b,holographic-inverse-v3-phase-pair,source_equivalent_local_scanner,2.9207342919999064,0.6601719579994096,0.0008524040624023813,30.693544891845683,0.9560853918727115,0.9941465826144509,0.7352900059247142,nan,0.009253534242218617,0.9894629746748478,0.9814631812171004,0.9999823043193738,0.027599334716796875
113,Male/1990-2000/Eye_corner/lev_ugol_glaza_frame450.png,769d0de1061769bc8be30554d250855700b379d5705936028c7e78f37251b4c4,holographic-inverse-v3-phase-pair,source_equivalent_local_scanner,3.312743082999077,0.652015207999284,0.00083875445666931,30.763651592202727,0.953855713293074,0.9910955015730818,0.7231768402567426,nan,0.0091263484954834,0.9889663091771302,0.9807885150693799,0.9999859008916268,0.003586411476135254
114,Male/1990-2000/Eye_corner/lev_ugol_glaza_frame50.png,5bba4ccfa88d2f8beb87185eac482442dabed16f9a54ff4cc762da4cd75b5f9a,holographic-inverse-v3-phase-pair,source_equivalent_local_scanner,3.4839467499987222,0.7002488749985787,0.000767731217410371,31.147907997951037,0.9661561532209438,0.9966177993580728,0.7539773141921853,nan,0.008572622000002396,0.9902010897841855,0.9815809451819842,0.9999812109713178,0.027607321739196777
115,Male/1990-2000/Eye_corner/levyy_ugol_glaza_frame250.png,732d19c1dad080d556dc9109dfd1d3707d896cf5e2e6e2721beb17dc5b22d888,holographic-inverse-v3-phase-pair,source_equivalent_local_scanner,3.2965289170006145,0.6538480000017444,0.000831766271536188,30.799986944335828,0.9625780716178255,0.9941944503922253,0.7361659259566494,nan,0.00867848985335406,0.9903917707339703,0.9716441894996453,0.999981537906565,0.03360617160797119
116,Male/1990-2000/Eye_corner/levyy_ugol_glaza_frame450.png,afd421d5f57ff51230c31bfd86f66d55c4f877b08155494aea97b19c9f4c0aa4,holographic-inverse-v3-phase-pair,source_equivalent_local_scanner,3.341962083000908,0.6710325420008303,0.0008824831776690456,30.54293564597522,0.9639160728643966,0.991311604946188,0.7246817152578443,nan,0.008563062536950208,0.988109371726623,0.9713531591198438,0.9999723154321386,0.0019533634185791016
117,Male/1990-2000/Eye_corner/levyy_ugol_glaza_frame50.png,44cb7fbcb0f26bc3d8ffaf42d2a4fe57822a373467f87822e26ecb2ba3c32121,holographic-inverse-v3-phase-pair,source_equivalent_local_scanner,2.9813316250001662,0.6545797500002664,0.0007822109341208913,31.06676117564177,0.970589985795886,0.9966764205309792,0.7554199534789178,nan,0.0084004404965569,0.9918385638211199,0.9798059224293234,0.9999595460649822,0.03267407417297363
118,Male/1990-2000/Eye_corner/ugol_gl_lev_frame250.png,82e83c2a55316b7d74a9b91c500e37bd953a7bb7c88a517c72f610b2d351ae6d,holographic-inverse-v3-phase-pair,source_equivalent_local_scanner,3.090160042000207,0.653103500000725,0.0006675019167057141,31.755474829019338,0.9649763924929768,0.9931726135717682,0.7271001652596978,nan,0.008305344114116597,0.9943275264807618,0.9731413458280626,0.9999880174202701,0.003449082374572754
119,Male/1990-2000/Eye_corner/ugol_gl_lev_frame450.png,c0b04d5cf3de85b330b7645257d6fb2de08204ce566b0eb2898bdef919a7366a,holographic-inverse-v3-phase-pair,source_equivalent_local_scanner,3.041078665999521,0.6536308329996245,0.0005883886446544,32.30335717337304,0.9714640367772867,0.9930426629691318,0.7254371624964141,nan,0.007401924787783157,0.9948823313462911,0.9793713889689759,0.9999914925123407,0.019103407859802246
120,Male/1990-2000/Eye_corner/ugol_gl_lev_frame50.png,c8ef829d9d3c92ccbd763bdd517065fc7aab5665715f8aa54eb7ef464e5beb53,holographic-inverse-v3-phase-pair,source_equivalent_local_scanner,2.7376665840001806,0.5789482079999289,0.0005221637401705473,32.821932895230255,0.9712998444258676,0.9964334866778334,0.7426066305525953,nan,0.0076699132545321605,0.9961542605210586,0.9876692246879282,0.9999948185397867,0.03211367130279541
